exe,game,exe_type,notes
SWEP1RCR.EXE,Star Wars Racer,dx9opengl,DirectX 8/9 OpenGL wrapper
hl2.exe,Half-Life 2,valve,Source Engine
portal.exe,Portal,dx9opengl,Source Engine
portal2.exe,Portal 2,dx9opengl,Source Engine
left4dead.exe,Left 4 Dead,dx9opengl,Source Engine
left4dead2.exe,Left 4 Dead 2,dx9opengl,Source Engine
TESV.exe,The Elder Scrolls V Skyrim,dx9,Gamebryo DX9
FalloutNV.exe,Fallout New Vegas,dx9opengl,Gamebryo DX9
Fallout3.exe,Fallout 3,dx9opengl,Gamebryo DX9
witcher.exe,The Witcher,dx9opengl,DX9 RPG
witcher2.exe,The Witcher 2,dx11,DX11
PlayGTAV.exe,Grand Theft Auto IV,gtav_x11,RAGE Engine
GTAIV.exe,Grand Theft Auto IV,gtav_x11,RAGE Engine
GTAV.exe,Grand Theft Auto V,gtav_compat,DX11
Cyberpunk2077.exe,Cyberpunk 2077,dx12,DX12
Starfield.exe,Starfield,dx12,DX12
DiabloIV.exe,Diablo IV,dx12,DX12
Battle.net.exe,Battle.net,dx11Bnet,Blizzard Launcher
EpicGamesLauncher.exe,Epic Games Launcher,launcher,Launcher
UbisoftConnect.exe,Ubisoft Connect,launcher,Launcher
EADesktop.exe,EA App,launcher,Launcher
doom95.exe,Doom 95,oldgame,Old Windows game
Photoshop.exe,Adobe Photoshop,legacy,Legacy application
winrar.exe,WinRAR,desktop,Windows utility
foobar2000.exe,Foobar2000,desktop,Windows application
UnrealTournament.exe,Unreal Tournament 99,ut99,Unreal Engine 1
UT3.exe,Unreal Tournament 3,ut3,Unreal Engine 3
hl.exe,Half-Life,valve,GoldSrc Engine
hlds.exe,Half-Life Server,valve,GoldSrc Engine
tf.exe,Team Fortress Classic,valve,GoldSrc Engine
hl1.exe,Half-Life,valve,GoldSrc Engine
cstrike.exe,Counter-Strike,valve,GoldSrc Engine
hlopfor.exe,Half-Life Opposing Force,valve,GoldSrc Engine
bshift.exe,Half-Life Blue Shift,valve,GoldSrc Engine
tf2.exe,Team Fortress 2,valve,Source Engine
hl2mp.exe,Half-Life 2 Deathmatch,valve,Source Engine
Oblivion.exe,The Elder Scrolls IV Oblivion,dx9opengl,Gamebryo DX9
UTGame.exe,Unreal Tournament 3,ut3,Unreal Engine 3
Borderlands.exe,Borderlands,ut3,Unreal Engine 3
BioShock.exe,BioShock,ut3,Unreal Engine 3
Dishonored.exe,Dishonored,dx9opengl,Unreal Engine 3
BioShock2.exe,BioShock 2,dx9opengl,Unreal Engine 3
BioShockInfinite.exe,BioShock Infinite,dx11,Unreal Engine 3
Borderlands2.exe,Borderlands 2,dx9opengl,Unreal Engine 3
BorderlandsPreSequel.exe,Borderlands The Pre-Sequel,ut3,Unreal Engine 3
SpecOpsTheLine.exe,Spec Ops The Line,ut3,Unreal Engine 3
MassEffect.exe,Mass Effect,dx9opengl,Unreal Engine 3
MassEffect2.exe,Mass Effect 2,ut3,Unreal Engine 3
MassEffect3.exe,Mass Effect 3,ut3,Unreal Engine 3
BatmanAA.exe,Batman Arkham Asylum,dx9opengl,Unreal Engine 3
BatmanAC.exe,Batman Arkham City,ut3,Unreal Engine 3
BatmanOrigins.exe,Batman Arkham Origins,ut3,Unreal Engine 3
Crysis.exe,Crysis,dx9opengl,CryEngine 2
Crysis64.exe,Crysis 64-bit,dx9opengl,CryEngine 2
Crysis2.exe,Crysis 2,dx11,CryEngine 3
Crysis3.exe,Crysis 3,dx11,CryEngine 3
FarCry.exe,Far Cry,dx9opengl,CryEngine
FarCry2.exe,Far Cry 2,dx11,Dunia Engine
FarCry3.exe,Far Cry 3,dx11,Dunia Engine
FarCry4.exe,Far Cry 4,dx11,Dunia Engine
FarCry5.exe,Far Cry 5,dx11,Dunia Engine
FarCry6.exe,Far Cry 6,dx12,Dunia Engine
SkyrimSE.exe,Skyrim Special Edition,dx11,Creation Engine
SkyrimVR.exe,Skyrim VR,dx11,Creation Engine
Fallout4.exe,Fallout 4,dx11,Creation Engine
TESVVR.exe,Skyrim VR,dx11,Creation Engine
witcher3.exe,The Witcher 3,dx11,REDengine 3
REDprelauncher.exe,CD Projekt Launcher,launcher,CD Projekt Launcher
eldenring.exe,Elden Ring,dx12,DX12
DarkSouls.exe,Dark Souls,dx9,DX9
DarkSoulsII.exe,Dark Souls II,dx11,DX11
DarkSoulsIII.exe,Dark Souls III,dx11,DX11
sekiro.exe,Sekiro Shadows Die Twice,dx11,DX11
armoredcore6.exe,Armored Core VI,dx12,DX12
ResidentEvil7.exe,Resident Evil 7,dx11,RE Engine
re2.exe,Resident Evil 2 Remake,dx12,RE Engine
re3.exe,Resident Evil 3 Remake,dx12,RE Engine
re4.exe,Resident Evil 4 Remake,dx12,RE Engine
re8.exe,Resident Evil Village,dx12,RE Engine
MonsterHunterWorld.exe,Monster Hunter World,dx11,MT Framework
MonsterHunterRise.exe,Monster Hunter Rise,dx11,RE Engine
RDR2.exe,Red Dead Redemption 2,dx12,RAGE Engine
Launcher.exe,Rockstar Games Launcher,launcher,Launcher
HorizonZeroDawn.exe,Horizon Zero Dawn,dx12,Decima Engine
DaysGone.exe,Days Gone,dx11,Unreal Engine 4
DeathStranding.exe,Death Stranding,dx12,Decima Engine
SOTTR.exe,Shadow of the Tomb Raider,dx12,Foundation Engine
ROTTR.exe,Rise of the Tomb Raider,dx12,Foundation Engine
TombRaider.exe,Tomb Raider 2013,dx11,Foundation Engine
Control_DX12.exe,Control,dx12,Northlight Engine
AlanWake2.exe,Alan Wake 2,dx12,Northlight Engine
ForzaHorizon4.exe,Forza Horizon 4,dx12,ForzaTech
ForzaHorizon5.exe,Forza Horizon 5,dx12,ForzaTech
HaloMCC.exe,Halo The Master Chief Collection,dx11,Slipspace
HaloInfinite.exe,Halo Infinite,dx12,Slipspace
Overwatch.exe,Overwatch,dx11,Blizzard Engine
Wow.exe,World of Warcraft,dx12,Blizzard Engine
WowClassic.exe,World of Warcraft Classic,dx12,Blizzard Engine
D2R.exe,Diablo II Resurrected,dx12,Blizzard Engine
LeagueClient.exe,League of Legends,launcher,Riot Launcher
VALORANT.exe,Valorant,dx11,Riot Engine
csgo.exe,Counter-Strike Global Offensive,valve,Source Engine
cs2.exe,Counter-Strike 2,valve,Source 2 Engine
dota2.exe,Dota 2,valve,Source 2 Engine
gameoverlayui.exe,Steam Overlay,desktop,Steam Component
steam.exe,Steam,desktop,Steam Client
Minecraft.Windows.exe,Minecraft Bedrock,dx12,UWP
GenshinImpact.exe,Genshin Impact,dx11,Unity
ZenlessZoneZero.exe,Zenless Zone Zero,dx11,Unity
StarRail.exe,Honkai Star Rail,dx11,Unity
Unity.exe,Unity Editor,desktop,Unity Editor
Godot.exe,Godot Engine,desktop,Game Engine Editor
Age2_x1.exe,Age of Empires II HD,dx9opengl,DirectX 9
AoE2DE_s.exe,Age of Empires II Definitive Edition,dx11,DirectX 11
AoEDE_s.exe,Age of Empires Definitive Edition,dx11,DirectX 11
AoE3DE_s.exe,Age of Empires III Definitive Edition,dx12,DirectX 12
AoE4.exe,Age of Empires IV,dx12,Essence Engine
CompanyOfHeroes.exe,Company of Heroes,dx9opengl,Essence Engine
RelicCoH.exe,Company of Heroes Opposing Fronts,dx9opengl,Essence Engine
RelicCoH2.exe,Company of Heroes 2,dx11,Essence Engine
Civ4BeyondSword.exe,Civilization IV Beyond the Sword,dx9opengl,Gamebryo
CivilizationV.exe,Civilization V,dx11,DX11
CivilizationVI.exe,Civilization VI,dx12,DX12
XComGame.exe,XCOM Enemy Unknown,dx9opengl,Unreal Engine 3
XCom2.exe,XCOM 2,dx11,Unreal Engine 3
eu4.exe,Europa Universalis IV,dx11,Clausewitz Engine
ck2.exe,Crusader Kings II,dx9opengl,Clausewitz Engine
ck3.exe,Crusader Kings III,dx11,Clausewitz Engine
hoi4.exe,Hearts of Iron IV,dx11,Clausewitz Engine
stellaris.exe,Stellaris,dx11,Clausewitz Engine
victoria3.exe,Victoria 3,dx12,Clausewitz Engine
Terraria.exe,Terraria,dx11,XNA/MonoGame
Factorio.exe,Factorio,dx9opengl,OpenGL
Stardew Valley.exe,Stardew Valley,dx11,MonoGame
osu!.exe,osu!,desktop,Rhythm Game
osu!.lazer.exe,osu! lazer,desktop,Rhythm Game
PathOfExile.exe,Path of Exile,dx11,DX11
PathOfExileSteam.exe,Path of Exile,dx11,Steam Edition
PathOfExile_x64.exe,Path of Exile,dx12,DX12
Warframe.x64.exe,Warframe,dx12,Evolution Engine
Destiny2.exe,Destiny 2,dx11,Tiger Engine
Apex.exe,Apex Legends,dx11,Source Engine
Titanfall2.exe,Titanfall 2,dx11,Source Engine
RainbowSix.exe,Rainbow Six Siege,dx11,AnvilNext
TheDivision.exe,Tom Clancy's The Division,dx11,Snowdrop
TheDivision2.exe,Tom Clancy's The Division 2,dx12,Snowdrop
WatchDogs.exe,Watch Dogs,dx11,Disrupt Engine
WatchDogs2.exe,Watch Dogs 2,dx11,Disrupt Engine
AC4BFSP.exe,Assassin's Creed IV Black Flag,dx11,AnvilNext
ACS.exe,Assassin's Creed Syndicate,dx11,AnvilNext
ACOdyssey.exe,Assassin's Creed Odyssey,dx11,AnvilNext
ACValhalla.exe,Assassin's Creed Valhalla,dx12,AnvilNext
NFS13.exe,Need for Speed Most Wanted,dx11,Frostbite
NFS16.exe,Need for Speed,dx11,Frostbite
NFSUnbound.exe,Need for Speed Unbound,dx12,Frostbite
DragonAgeOrigins.exe,Dragon Age Origins,dx9opengl,Eclipse Engine
DragonAge2.exe,Dragon Age II,dx11,Lycium Engine
DragonAgeInquisition.exe,Dragon Age Inquisition,dx11,Frostbite
Dragon'sDogma.exe,Dragon's Dogma Dark Arisen,dx9,MT Framework
Quake.exe,Quake,oldgame,WinQuake/OpenGL
GLQuake.exe,GLQuake,dx9opengl,OpenGL
Quake2.exe,Quake II,dx9opengl,OpenGL
Quake3.exe,Quake III Arena,dx9opengl,id Tech 3
ioquake3.exe,ioquake3,dx9opengl,OpenGL
Doom3.exe,Doom 3,oldgame,id Tech 4
Prey.exe,Prey 2006,dx9opengl,id Tech 4
ReturnToCastleWolfenstein.exe,Return to Castle Wolfenstein,dx9opengl,id Tech 3
WolfSP.exe,Wolfenstein Enemy Territory,dx9opengl,id Tech 3
Morrowind.exe,The Elder Scrolls III Morrowind,dx9opengl,Gamebryo
Gothic.exe,Gothic,oldgame,Genome Engine
Gothic2.exe,Gothic II,oldgame,Genome Engine
Arx.exe,Arx Fatalis,oldgame,DirectX 7
MaxPayne.exe,Max Payne,dx9opengl,DirectX 8
MaxPayne2.exe,Max Payne 2,dx9,DirectX 9
DeusEx.exe,Deus Ex,oldgame,Unreal Engine 1
Thief.exe,Thief Gold,oldgame,Dark Engine
Thief2.exe,Thief II,oldgame,Dark Engine
SystemShock2.exe,System Shock 2,oldgame,Dark Engine
OpenTTD.exe,OpenTTD,desktop,SDL/OpenGL
DOSBox.exe,DOSBox,desktop,DOS Emulator
ScummVM.exe,ScummVM,desktop,Adventure Engine
PCSX2.exe,PCSX2,desktop,PlayStation 2 Emulator
Dolphin.exe,Dolphin Emulator,desktop,GameCube/Wii Emulator
RPCS3.exe,RPCS3,desktop,PlayStation 3 Emulator
Cemu.exe,Cemu,desktop,Wii U Emulator
chrome.exe,Google Chrome,desktop,Web browser
msedge.exe,Microsoft Edge,desktop,Web browser
firefox.exe,Mozilla Firefox,desktop,Web browser
opera.exe,Opera,desktop,Web browser
brave.exe,Brave Browser,desktop,Web browser
WINWORD.EXE,Microsoft Word,legacy,Office application
EXCEL.EXE,Microsoft Excel,legacy,Office application
POWERPNT.EXE,Microsoft PowerPoint,legacy,Office application
OUTLOOK.EXE,Microsoft Outlook,legacy,Office application
ONENOTE.EXE,Microsoft OneNote,legacy,Office application
AcroRd32.exe,Adobe Acrobat Reader,desktop,PDF reader
Code.exe,Visual Studio Code,desktop,Code editor
devenv.exe,Microsoft Visual Studio,legacy,IDE
Discord.exe,Discord,desktop,Voice chat
Teams.exe,Microsoft Teams,desktop,Communication
Telegram.exe,Telegram Desktop,desktop,Messaging
Signal.exe,Signal Desktop,desktop,Messaging
Slack.exe,Slack,desktop,Communication
vlc.exe,VLC media player,desktop,Media player
mpc-hc64.exe,Media Player Classic HC,desktop,Media player
Spotify.exe,Spotify,desktop,Music streaming
Audacity.exe,Audacity,desktop,Audio editor
OBS64.exe,OBS Studio,desktop,Streaming
HandBrake.exe,HandBrake,desktop,Video transcoder
7zFM.exe,7-Zip File Manager,desktop,Archive utility
7zG.exe,7-Zip GUI,desktop,Archive utility
regedit.exe,Registry Editor,legacy,System utility
cmd.exe,Command Prompt,legacy,System utility
powershell.exe,Windows PowerShell,legacy,System utility
explorer.exe,Windows Explorer,desktop,Shell
notepad.exe,Notepad,desktop,Text editor
notepad++.exe,Notepad++,desktop,Text editor
ProcessHacker.exe,Process Hacker,desktop,System utility
gimp.exe,GIMP,desktop,Image editor
krita.exe,Krita,desktop,Digital painting
blender.exe,Blender,desktop,3D editor
Inkscape.exe,Inkscape,desktop,Vector graphics
ShareX.exe,ShareX,desktop,Screen capture
GPU-Z.exe,GPU-Z,desktop,GPU information
CPU-Z.exe,CPU-Z,desktop,CPU information
HWiNFO64.EXE,HWiNFO64,desktop,Hardware monitor
MSIAfterburner.exe,MSI Afterburner,desktop,GPU overclocking
RTSS.exe,RivaTuner Statistics Server,desktop,Frame limiter
paintdotnet.exe,Paint.NET,desktop,Image editor
Aseprite.exe,Aseprite,desktop,Pixel art editor
Totalcmd64.exe,Total Commander,desktop,File manager
Everything.exe,Everything,desktop,File search
WinSCP.exe,WinSCP,desktop,SFTP client
FileZilla.exe,FileZilla,desktop,FTP client
KeePass.exe,KeePass,desktop,Password manager
qBittorrent.exe,qBittorrent,desktop,Torrent client
Transmission-qt.exe,Transmission,desktop,Torrent client
winecfg.exe,Wine Configuration,legacy,Wine utility
winefile.exe,Wine File Manager,legacy,Wine utility
control.exe,Windows Control Panel,legacy,System utility
taskmgr.exe,Task Manager,legacy,System utility
msiexec.exe,Windows Installer,legacy,Installer
rundll32.exe,Windows Runtime,legacy,System component
dwm.exe,Desktop Window Manager,desktop,Windows compositor
SearchApp.exe,Windows Search,desktop,Windows component
RuntimeBroker.exe,Runtime Broker,desktop,UWP component
ApplicationFrameHost.exe,UWP Application Host,desktop,UWP component
ShellExperienceHost.exe,Windows Shell Experience,desktop,Windows component
StartMenuExperienceHost.exe,Windows Start Menu,desktop,Windows component
MSPaint.exe,Microsoft Paint,desktop,Image editor
mspub.exe,Microsoft Publisher,legacy,Office application
Visio.exe,Microsoft Visio,legacy,Office application
Zoom.exe,Zoom,desktop,Video conference
Skype.exe,Skype,desktop,Communication
OneDrive.exe,Microsoft OneDrive,desktop,Cloud storage
Dropbox.exe,Dropbox,desktop,Cloud storage
GoogleDriveFS.exe,Google Drive,desktop,Cloud storage
rider64.exe,JetBrains Rider,desktop,IDE
idea64.exe,IntelliJ IDEA,desktop,IDE
pycharm64.exe,PyCharm,desktop,IDE
webstorm64.exe,WebStorm,desktop,IDE
clion64.exe,CLion,desktop,IDE
Postman.exe,Postman,desktop,API client
Figma.exe,Figma,desktop,Design tool
notion.exe,Notion,desktop,Notes application
GameBar.exe,Xbox Game Bar,desktop,Overlay
GameBarFTServer.exe,Xbox Game Bar Service,desktop,Overlay
nvcontainer.exe,NVIDIA Container,desktop,NVIDIA service
AMDSoftware.exe,AMD Adrenalin,desktop,GPU utility
Battlefield1.exe,Battlefield 1,dx11,Frostbite Engine
bfv.exe,Battlefield V,dx12,Frostbite Engine
bf2042.exe,Battlefield 2042,dx12,Frostbite Engine
Battlefield4.exe,Battlefield 4,dx11,Frostbite Engine
Battlefield3.exe,Battlefield 3,dx11,Frostbite Engine
PUBG.exe,PlayerUnknown's Battlegrounds,dx11,Unreal Engine 4
FortniteClient-Win64-Shipping.exe,Fortnite,dx12,Unreal Engine 5
RocketLeague.exe,Rocket League,dx11,Unreal Engine 3
TheForest.exe,The Forest,dx11,Unity
SonsOfTheForest.exe,Sons of the Forest,dx12,Unreal Engine 5
Valheim.exe,Valheim,dx11,Unity
RustClient.exe,Rust,dx11,Unity
AmongUs.exe,Among Us,dx11,Unity
Hades.exe,Hades,dx11,Custom Engine
Hades2.exe,Hades II,dx11,Custom Engine
Cuphead.exe,Cuphead,dx11,Unity
HollowKnight.exe,Hollow Knight,dx11,Unity
DeadCells.exe,Dead Cells,desktop,MonoGame
Celeste.exe,Celeste,desktop,XNA
BaldursGate3.exe,Baldur's Gate 3,dx11,Vulkan/DX11
bg3_dx11.exe,Baldur's Gate 3 DX11,dx11,Vulkan/DX11
bg3.exe,Baldur's Gate 3,dx11,Vulkan Renderer
DivinityOriginalSin2.exe,Divinity Original Sin 2,dx11,Divinity Engine
Pathfinder_Kingmaker.exe,Pathfinder Kingmaker,dx11,Unity
DiscoElysium.exe,Disco Elysium,dx11,Unity
StarCitizen.exe,Star Citizen,dx11,Lumberyard Engine
SCClient.exe,Star Citizen Client,dx11,Lumberyard Engine
EliteDangerous64.exe,Elite Dangerous,dx11,COBRA Engine
NoMansSky.exe,No Man's Sky,dx11,Vulkan Engine
SnowRunner.exe,SnowRunner,dx11,Swarm Engine
MudRunner.exe,MudRunner,dx11,Swarm Engine
FarmingSimulator2024Game.exe,Farming Simulator 2024,dx12,Giant Engine
Satisfactory.exe,Satisfactory,dx12,Unreal Engine 5
Palworld-Win64-Shipping.exe,Palworld,dx12,Unreal Engine 5
ARKAscended.exe,ARK Survival Ascended,dx12,Unreal Engine 5
ARKSurvivalEvolved.exe,ARK Survival Evolved,dx11,Unreal Engine 4
HeroesOfTheStorm.exe,Heroes of the Storm,dx11Bnet,Blizzard Engine
SC2.exe,StarCraft II,dx11Bnet,Blizzard Engine
StarCraft.exe,StarCraft Remastered,dx11Bnet,Blizzard Engine
WarcraftIII.exe,Warcraft III,dx9opengl,Blizzard Engine
GuildWars2-64.exe,Guild Wars 2,dx11,ArenaNet Engine
Gw2-64.exe,Guild Wars 2,dx11,ArenaNet Engine
FFXIVLauncher.exe,Final Fantasy XIV Launcher,launcher,Square Enix Launcher
ffxiv_dx11.exe,Final Fantasy XIV,dx11,Luminous Engine
eso64.exe,The Elder Scrolls Online,dx11,Hero Engine
LotRO.exe,Lord of the Rings Online,dx9opengl,Turbine Engine
gw.exe,Guild Wars,dx9opengl,ArenaNet Engine
Yuzu.exe,Yuzu Emulator,desktop,Vulkan Emulator
Ryujinx.exe,Ryujinx Emulator,desktop,Nintendo Switch Emulator
DuckStation.exe,DuckStation,desktop,PlayStation Emulator
PCSX-Redux.exe,PCSX Redux,desktop,PlayStation Emulator
RetroArch.exe,RetroArch,desktop,Multi Emulator
xenia.exe,Xenia Emulator,dx12,Xbox 360 Emulator
PPSSPPWindows64.exe,PPSSPP Emulator,desktop,PSP Emulator
mame.exe,MAME,desktop,Arcade Emulator
docker.exe,Docker Desktop,desktop,Container tool
VirtualBox.exe,VirtualBox,desktop,Virtual machine
vmware.exe,VMware Workstation,desktop,Virtual machine
obs32.exe,OBS Studio 32-bit,desktop,Streaming
ffmpeg.exe,FFmpeg,desktop,Media tool
mpv.exe,MPV Player,desktop,Media player
davinciresolve.exe,DaVinci Resolve,desktop,Video editor
Premiere.exe,Adobe Premiere Pro,desktop,Video editor
AfterFX.exe,Adobe After Effects,desktop,Motion graphics
Illustrator.exe,Adobe Illustrator,desktop,Vector graphics
Lightroom.exe,Adobe Lightroom,desktop,Photo editor
steamwebhelper.exe,Steam Web Helper,desktop,Steam Component
GalaxyClient.exe,GOG Galaxy,launcher,Launcher
BethesdaNetLauncher.exe,Bethesda Launcher,launcher,Launcher
MinecraftLauncher.exe,Minecraft Launcher,launcher,Mojang Launcher
DoomEternalx64vk.exe,Doom Eternal,dx11,id Tech 7 Engine
TheLastOfUsPart1.exe,The Last of Us Part I,dx12,Naughty Dog Engine
LiesOfP-Win64-Shipping.exe,Lies of P,dx12,Unreal Engine 4
Remnant2-Win64-Shipping.exe,Remnant II,dx12,Unreal Engine 5
HogwartsLegacy.exe,Hogwarts Legacy,dx12,Unreal Engine 4
StarWarsJediSurvivor.exe,Star Wars Jedi Survivor,dx12,Unreal Engine 4
ForzaMotorsport.exe,Forza Motorsport,dx12,ForzaTech Engine
AlanWake2.exe,Alan Wake 2,dx12,Northlight Engine
AvatarFrontiers.exe,Avatar Frontiers of Pandora,dx12,Snowdrop Engine
BlackMythWukong.exe,Black Myth Wukong,dx12,Unreal Engine 5
Hellblade2.exe,Senua's Saga Hellblade II,dx12,Unreal Engine 5
DragonAgeTheVeilguard.exe,Dragon Age The Veilguard,dx12,Frostbite Engine
IndianaJones.exe,Indiana Jones and the Great Circle,dx12,id Tech Engine
SilentHill2.exe,Silent Hill 2 Remake,dx12,Unreal Engine 5
PaintDotNet.exe,Paint.NET,dotnet,Image Editor
LINQPad.exe,LINQPad,dotnet,Developer Tool
ILSpy.exe,ILSpy,dotnet,.NET Decompiler
dnSpy.exe,dnSpy,dotnet,.NET Debugger
Fiddler.exe,Fiddler Classic,dotnet,Web Debugger
FiddlerEverywhere.exe,Fiddler Everywhere,dotnet,Web Debugger
ShareX.exe,ShareX,dotnet,Screen Capture
Lidarr.exe,Lidarr,dotnet,Media Management
Readarr.exe,Readarr,dotnet,Media Management
Prowlarr.exe,Prowlarr,dotnet,Indexer Manager
Jackett.exe,Jackett,dotnet,Indexer Proxy
JackettConsole.exe,Jackett,dotnet,Indexer Proxy
jellyfin.exe,Jellyfin Server,dotnet,Media Server
ChocolateyGui.exe,Chocolatey GUI,dotnet,Package Manager
nuget.exe,NuGet CLI,dotnet,Package Manager
nunit.exe,NUnit GUI,dotnet,Testing
nunit3-console.exe,NUnit Console,dotnet,Testing
PerfView.exe,PerfView,dotnet,Performance Analysis
StorageExplorer.exe,Azure Storage Explorer,dotnet,Cloud Storage
AzureDataStudio.exe,Azure Data Studio,dotnet,Database Tool
devenv.exe,Visual Studio,dotnet,IDE
MSBuild.exe,MSBuild,dotnet,Build Tool
csc.exe,C# Compiler,dotnet,Compiler
vbc.exe,VB Compiler,dotnet,Compiler
fsc.exe,F# Compiler,dotnet,Compiler
fsi.exe,F# Interactive,dotnet,REPL
ildasm.exe,ILDasm,dotnet,IL Disassembler
ilasm.exe,ILAsm,dotnet,IL Assembler
corflags.exe,CorFlags,dotnet,Assembly Utility
resgen.exe,ResGen,dotnet,Resource Generator
al.exe,Assembly Linker,dotnet,Build Tool
sn.exe,Strong Name Tool,dotnet,Cryptography
gacutil.exe,GAC Utility,dotnet,Assembly Management
peverify.exe,PEVerify,dotnet,Verification
crossgen.exe,CrossGen,dotnet,AOT Compiler
crossgen2.exe,CrossGen2,dotnet,AOT Compiler
dotnet.exe,.NET Host,dotnet,Runtime
OpenRA.exe,OpenRA,dotnet,RTS Game
Terraria.exe,Terraria,dotnet,Sandbox Game
Stardew Valley.exe,Stardew Valley,dotnet,Farming Game
Celeste.exe,Celeste,dotnet,Platform Game
FEZ.exe,FEZ,dotnet,Puzzle Game
Bastion.exe,Bastion,dotnet,Action RPG
Transistor.exe,Transistor,dotnet,Action RPG
RogueLegacy.exe,Rogue Legacy,dotnet,Roguelite
Rogue Legacy 2.exe,Rogue Legacy 2,dotnet,Roguelite
AxiomVerge.exe,Axiom Verge,dotnet,Metroidvania
RimWorldWin64.exe,RimWorld,dotnet,Simulation Game
Cities.exe,Cities Skylines,dotnet,City Builder
KSP_x64.exe,Kerbal Space Program,dotnet,Space Simulation
valheim.exe,Valheim,dotnet,Survival Game
Subnautica.exe,Subnautica,dotnet,Survival Game
SubnauticaZero.exe,Subnautica Below Zero,dotnet,Survival Game
RustClient.exe,Rust,dotnet,Survival Game
Raft.exe,Raft,dotnet,Survival Game
TheForest.exe,The Forest,dotnet,Survival Horror
SonsOfTheForest.exe,Sons Of The Forest,dotnet,Survival Horror
Lethal Company.exe,Lethal Company,dotnet,Co-op Horror
DSPGAME.exe,Dyson Sphere Program,dotnet,Factory Simulation
HouseFlipper.exe,House Flipper,dotnet,Simulation Game
Human.exe,Human Fall Flat,dotnet,Puzzle Platformer
Cuphead.exe,Cuphead,dotnet,Run and Gun
OriDE.exe,Ori and the Blind Forest,dotnet,Platform Game
hollow_knight.exe,Hollow Knight,dotnet,Metroidvania
Firewatch.exe,Firewatch,dotnet,Adventure Game
INSIDE.exe,INSIDE,dotnet,Puzzle Platformer
Among Us.exe,Among Us,dotnet,Social Deduction
FallGuys_client.exe,Fall Guys,dotnet,Party Game
EscapeFromTarkov.exe,Escape from Tarkov,dotnet,Extraction Shooter
BattleTech.exe,BATTLETECH,dotnet,Turn-Based Strategy
Hearthstone.exe,Hearthstone,dotnet,Card Game
Pokemon TCG Live.exe,Pokémon TCG Live,dotnet,Card Game
Cult Of The Lamb.exe,Cult of the Lamb,dotnet,Action Roguelike
Phasmophobia.exe,Phasmophobia,dotnet,Horror Game
Escape Simulator.exe,Escape Simulator,dotnet,Puzzle Game
SlimeRancher.exe,Slime Rancher,dotnet,Simulation Game
SlimeRancher2.exe,Slime Rancher 2,dotnet,Simulation Game
Lethal Company.exe,Lethal Company,dotnet,Co-op Horror
RimWorldWin64.exe,RimWorld,dotnet,Simulation
Cities.exe,Cities Skylines,dotnet,City Builder
Valheim.exe,Valheim,dotnet,Survival
Phasmophobia.exe,Phasmophobia,dotnet,Horror
Subnautica.exe,Subnautica,dotnet,Survival
SubnauticaZero.exe,Subnautica Below Zero,dotnet,Survival
HouseFlipper.exe,House Flipper,dotnet,Simulation
Raft.exe,Raft,dotnet,Survival
RustClient.exe,Rust,dotnet,Survival
DSPGAME.exe,Dyson Sphere Program,dotnet,Factory
Cult Of The Lamb.exe,Cult of the Lamb,dotnet,Roguelike
Among Us.exe,Among Us,dotnet,Party
Escape Simulator.exe,Escape Simulator,dotnet,Puzzle
HollowKnight.exe,Hollow Knight,dotnet,Metroidvania
NzbDrone.exe,Sonarr Legacy,dotnet,Media Management
Radarr.Console.exe,Radarr,dotnet,Media Management
Lidarr.Console.exe,Lidarr,dotnet,Media Management
Readarr.Console.exe,Readarr,dotnet,Media Management
Prowlarr.Console.exe,Prowlarr,dotnet,Indexer Manager
EmbyServer.exe,Emby Server,dotnet,Media Server
Bazarr.exe,Bazarr,dotnet,Subtitle Management
Whisparr.exe,Whisparr,dotnet,Media Management
Recyclarr.exe,Recyclarr,dotnet,Media Management
ScreenToGif.exe,ScreenToGif,dotnet,Screen Recorder
EarTrumpet.exe,EarTrumpet,dotnet,Audio Control
Wox.exe,Wox,dotnet,Application Launcher
Flow.Launcher.exe,Flow Launcher,dotnet,Application Launcher
FluentSearch.exe,Fluent Search,dotnet,Desktop Search
Duplicati.GUI.TrayIcon.exe,Duplicati,dotnet,Backup
Duplicati.Server.exe,Duplicati Server,dotnet,Backup
Hydra.exe,Hydra Launcher,dotnet,Game Launcher
MediaInfo.exe,MediaInfo,dotnet,Media Information
MediaInfoNet.exe,MediaInfo.NET,dotnet,Media Information
Bitwarden.exe,Bitwarden Desktop,dotnet,Password Manager
Passky.exe,Passky,dotnet,Password Manager
PasswordTech.exe,Password Tech,dotnet,Password Generator
BepInEx.GUI.exe,BepInEx,dotnet,Game Modding
BepInEx.Console.exe,BepInEx,dotnet,Game Modding
UnityModManager.exe,Unity Mod Manager,dotnet,Game Modding
ModAssistant.exe,Beat Saber Mod Assistant,dotnet,Game Modding
R2ModMan.exe,r2modman,dotnet,Game Modding
ILMerge.exe,ILMerge,dotnet,Assembly Tool
ILRepack.exe,ILRepack,dotnet,Assembly Tool
Costura.exe,Costura Fody,dotnet,Build Tool
Fody.exe,Fody,dotnet,Build Tool
NuGetPackageExplorer.exe,NuGet Package Explorer,dotnet,Package Manager
BenchmarkDotNet.Artifacts.exe,BenchmarkDotNet,dotnet,Performance Benchmark
dotMemory.exe,JetBrains dotMemory,dotnet,Profiler
dotTrace.exe,JetBrains dotTrace,dotnet,Profiler
dotPeek.exe,JetBrains dotPeek,dotnet,.NET Decompiler
JustDecompile.exe,Telerik JustDecompile,dotnet,.NET Decompiler
ServiceHub.Host.exe,Visual Studio ServiceHub,dotnet,Visual Studio
ServiceHub.RoslynCodeAnalysisService.exe,Roslyn Service,dotnet,Visual Studio
VBCSCompiler.exe,Roslyn Compiler,dotnet,Compiler
RoslynPad.exe,RoslynPad,dotnet,C# Editor
Microsoft.ServiceHub.Controller.exe,ServiceHub Controller,dotnet,Visual Studio
AzureStorageEmulator.exe,Azure Storage Emulator,dotnet,Azure Tool
Azurite.exe,Azurite,dotnet,Azure Tool
CosmosDB.Emulator.exe,Cosmos DB Emulator,dotnet,Database
SqlLocalDB.exe,SQL LocalDB,dotnet,Database
LINQPad7.exe,LINQPad 7,dotnet,Developer Tool
NCrunch.exe,NCrunch,dotnet,Testing
OpenCover.Console.exe,OpenCover,dotnet,Code Coverage
ReportGenerator.exe,ReportGenerator,dotnet,Code Coverage
Fake.exe,FAKE Build,dotnet,Build Automation
Octopus.Client.exe,Octopus Deploy,dotnet,Deployment
Squirrel.exe,Squirrel.Windows,dotnet,Installer
AutoUpdater.NET.exe,AutoUpdater.NET,dotnet,Updater
ClickOnceBootstrapper.exe,ClickOnce Bootstrapper,dotnet,Installer
Chocolatey.exe,Chocolatey,dotnet,Package Manager
wingetcreate.exe,WinGetCreate,dotnet,Package Manager
NLogViewer.exe,NLog Viewer,dotnet,Log Viewer
LogExpert.exe,LogExpert,dotnet,Log Viewer
Seq.exe,Seq,dotnet,Log Server
ShareGate.exe,ShareGate Desktop,dotnet,SharePoint Migration Tool
Rufus.NET.exe,Rufus.NET,dotnet,System Utility
Snoop.exe,Snoop WPF,dotnet,WPF Inspector
WpfInspector.exe,WPF Inspector,dotnet,WPF Debugging
XamlSpy.exe,XAML Spy,dotnet,WPF Debugging
LiveCharts.exe,LiveCharts Demo,dotnet,WPF Charts
Avalonia.Diagnostics.exe,Avalonia Diagnostics,dotnet,Avalonia Debug Tool
KeeAgent.exe,KeeAgent,dotnet,SSH Agent
KeePassRPC.exe,KeePassRPC,dotnet,Browser Integration
KeePassXC-Browser.exe,KeePassXC Browser Bridge,dotnet,Browser Integration
Rider64.exe,JetBrains Rider,dotnet,IDE
dotMemory.exe,JetBrains dotMemory,dotnet,.NET Profiler
dotTrace.exe,JetBrains dotTrace,dotnet,.NET Profiler
dotCover.exe,JetBrains dotCover,dotnet,Code Coverage
dotPeek.exe,JetBrains dotPeek,dotnet,.NET Decompiler
resharper.exe,ReSharper,dotnet,Visual Studio Extension
devenv.exe,Visual Studio,dotnet,IDE
VSIXInstaller.exe,Visual Studio Extension Installer,dotnet,Extension Manager
mtm.exe,Microsoft Test Manager,dotnet,Testing Tool
mstest.exe,MSTest,dotnet,Testing Framework
vstest.console.exe,VSTest Console,dotnet,Testing Framework
NuGet.exe,NuGet Package Manager,dotnet,Package Manager
nuget.exe,NuGet CLI,dotnet,Package Manager
dotnet.exe,.NET CLI,dotnet,Runtime
dotnet-script.exe,dotnet-script,dotnet,Scripting
dotnet-format.exe,dotnet format,dotnet,Code Formatter
dotnet-ef.exe,Entity Framework CLI,dotnet,Database Tool
dotnet-watch.exe,dotnet watch,dotnet,Development Tool
EF6.exe,Entity Framework Tool,dotnet,ORM Tool
ef.exe,Entity Framework CLI,dotnet,ORM Tool
Cake.exe,Cake Build,dotnet,Build Automation
Nuke.exe,Nuke Build,dotnet,Build Automation
MSBuild.exe,MSBuild,dotnet,Build Tool
MSBuildLocator.exe,MSBuild Locator,dotnet,Build Tool
PowerShell.exe,PowerShell Core,dotnet,Shell
pwsh.exe,PowerShell 7,dotnet,Shell
ISE.exe,PowerShell ISE,dotnet,Script Editor
AzureFunctionsHost.exe,Azure Functions Host,dotnet,Cloud Development
func.exe,Azure Functions Core Tools,dotnet,Cloud Development
azurite.exe,Azurite,dotnet,Azure Emulator
SqlPackage.exe,SQLPackage,dotnet,Database Deployment
SSMS.exe,SQL Server Management Studio,dotnet,Database Tool
sqlproj.exe,SQL Project Tool,dotnet,Database Tool
WiX.exe,WiX Toolset,dotnet,Installer Tool
Burn.exe,WiX Bootstrapper,dotnet,Installer Tool
Heat.exe,WiX Heat,dotnet,Installer Tool
Candle.exe,WiX Compiler,dotnet,Installer Tool
Light.exe,WiX Linker,dotnet,Installer Tool
AdvancedInstaller.exe,Advanced Installer,dotnet,Installer Tool
InstallShield.exe,InstallShield,dotnet,Installer Tool
GitExtensions.exe,Git Extensions,dotnet,Git Client
GitExtensionsShellEx.dll,Git Extensions Shell,dotnet,Git Integration
SourceTree.exe,SourceTree,dotnet,Git Client
GitKraken.exe,GitKraken,dotnet,Git Client
TortoiseGitProc.exe,TortoiseGit,dotnet,Git Client
TortoiseSVN.exe,TortoiseSVN,dotnet,SVN Client
ReSharperPlatformVs.exe,ReSharper Platform,dotnet,Developer Tool
TeamCity.exe,TeamCity Server,dotnet,CI/CD
YouTrack.exe,YouTrack,dotnet,Project Management
HeidiSQL.exe,HeidiSQL,dotnet,Database Client
DBeaver.exe,DBeaver,dotnet,Database Client
AzureDataStudio.exe,Azure Data Studio,dotnet,Database Client
WinMergeU.exe,WinMerge,dotnet,File Comparison
BeyondCompare.exe,Beyond Compare,dotnet,File Comparison
AraxisMerge.exe,Araxis Merge,dotnet,File Comparison
Everything.exe,Everything Search,dotnet,File Search
Listary.exe,Listary,dotnet,File Search
DirectoryOpus.exe,Directory Opus,dotnet,File Manager
PowerToys.exe,Microsoft PowerToys,dotnet,System Utility
PowerToysSettings.exe,PowerToys Settings,dotnet,System Utility
FancyZones.exe,PowerToys FancyZones,dotnet,Window Manager
PowerRename.exe,PowerToys PowerRename,dotnet,File Utility
EarTrumpet.exe,EarTrumpet,dotnet,Audio Control
TranslucentTB.exe,TranslucentTB,dotnet,Taskbar Utility
ExplorerPatcher.exe,Explorer Patcher,dotnet,Windows Customization
Wallpaper32.exe,Wallpaper Engine,dotnet,Desktop Customization
Lively.exe,Lively Wallpaper,dotnet,Desktop Customization
Greenshot.exe,Greenshot,dotnet,Screen Capture
Snagit32.exe,Snagit,dotnet,Screen Capture
OBS64.exe,OBS Studio,dotnet,Streaming
Streamlabs OBS.exe,Streamlabs,dotnet,Streaming
Voicemeeter.exe,Voicemeeter,dotnet,Audio Mixer
VB-AudioControl.exe,VB Audio Control,dotnet,Audio Tool
Radmin.exe,Radmin VPN,dotnet,Network Tool
ZeroTier One.exe,ZeroTier,dotnet,Network Tool
Tailscale.exe,Tailscale,dotnet,VPN Client
Wireshark.exe,Wireshark,dotnet,Network Analyzer
Npcap.exe,Npcap,dotnet,Network Driver Tool
OpenVPNConnect.exe,OpenVPN Connect,dotnet,VPN Client
WireGuard.exe,WireGuard,dotnet,VPN Client
Bitwarden.exe,Bitwarden,dotnet,Password Manager
1Password.exe,1Password,dotnet,Password Manager
StandardNotes.exe,Standard Notes,dotnet,Note Application
voice_tweak.exe,Voice Tweak,dotnet,Client Voice
PaintDotNet.exe,Paint.NET,dotnet_csharp,WPF image editor
KeePass.exe,KeePass Password Safe,dotnet_csharp,WinForms password manager
LINQPad.exe,LINQPad,dotnet_csharp,.NET developer tool
LINQPad7.exe,LINQPad 7,dotnet_csharp,.NET developer tool
ILSpy.exe,ILSpy,dotnet_csharp,.NET decompiler
dnSpy.exe,dnSpy,dotnet_csharp,.NET debugger
Fiddler.exe,Fiddler Classic,dotnet_csharp,HTTP debugger
FiddlerEverywhere.exe,Fiddler Everywhere,dotnet_csharp,HTTP debugger
ShareX.exe,ShareX,dotnet_csharp,Screen capture
ScreenToGif.exe,ScreenToGif,dotnet_csharp,Screen recorder
PowerToys.exe,Microsoft PowerToys,dotnet_csharp,WPF utility
EarTrumpet.exe,EarTrumpet,dotnet_csharp,WPF audio mixer
Flow.Launcher.exe,Flow Launcher,dotnet_csharp,WPF launcher
Wox.exe,Wox,dotnet_csharp,WPF launcher
FluentSearch.exe,Fluent Search,dotnet_csharp,WPF launcher
Bitwarden.exe,Bitwarden Desktop,dotnet_csharp,Avalonia desktop app
Joplin.exe,Joplin,dotnet_csharp,Avalonia desktop app
Obsidian.exe,Obsidian,dotnet_csharp,Electron + .NET helper
Hydra.exe,Hydra Launcher,dotnet_csharp,Game launcher
ChocolateyGui.exe,Chocolatey GUI,dotnet_csharp,WPF package manager
AzureDataStudio.exe,Azure Data Studio,dotnet_csharp,SQL tool
StorageExplorer.exe,Azure Storage Explorer,dotnet_csharp,Azure tool
PerfView.exe,PerfView,dotnet_csharp,Performance analysis
MediaInfoNet.exe,MediaInfo.NET,dotnet_csharp,Media information
Sonarr.exe,Sonarr,dotnet_csharp,Media management
Radarr.exe,Radarr,dotnet_csharp,Media management
Lidarr.exe,Lidarr,dotnet_csharp,Media management
Readarr.exe,Readarr,dotnet_csharp,Media management
Prowlarr.exe,Prowlarr,dotnet_csharp,Indexer manager
Jackett.exe,Jackett,dotnet_csharp,Indexer proxy
JackettConsole.exe,Jackett Console,dotnet_csharp,Indexer proxy
Bazarr.exe,Bazarr,dotnet_csharp,Subtitle manager
Whisparr.exe,Whisparr,dotnet_csharp,Media management
Recyclarr.exe,Recyclarr,dotnet_csharp,Media management
Jellyfin.exe,Jellyfin Server,dotnet_csharp,Media server
Jellyfin.Server.exe,Jellyfin Server,dotnet_csharp,Media server
EmbyServer.exe,Emby Server,dotnet_csharp,Media server
Duplicati.Server.exe,Duplicati Server,dotnet_csharp,Backup software
Duplicati.GUI.TrayIcon.exe,Duplicati,dotnet_csharp,Backup client
Calibre.exe,Calibre,dotnet_csharp,E-book manager
Kavita.exe,Kavita,dotnet_csharp,Media server
Komga.exe,Komga,dotnet_csharp,Comic server
Nextcloud.exe,Nextcloud Desktop,dotnet_csharp,Cloud synchronization
Syncthing.exe,Syncthing,dotnet_csharp,File synchronization
ResilioSync.exe,Resilio Sync,dotnet_csharp,File synchronization
MediaInfo.exe,MediaInfo,dotnet_csharp,Media information
NuGet.exe,NuGet,dotnet_csharp,Package manager
nuget.exe,NuGet CLI,dotnet_csharp,Package manager
MSBuild.exe,MSBuild,dotnet_csharp,Build tool
dotnet.exe,.NET Host,dotnet_csharp,.NET runtime
dotnet-script.exe,dotnet-script,dotnet_csharp,Scripting
dotnet-watch.exe,dotnet watch,dotnet_csharp,Development tool
dotnet-format.exe,dotnet format,dotnet_csharp,Formatter
dotnet-ef.exe,Entity Framework CLI,dotnet_csharp,Database tooling
csc.exe,C# Compiler,dotnet_csharp,Compiler
vbc.exe,VB Compiler,dotnet_csharp,Compiler
fsc.exe,F# Compiler,dotnet_csharp,Compiler
fsi.exe,F# Interactive,dotnet_csharp,REPL
ildasm.exe,ILDasm,dotnet_csharp,Disassembler
ilasm.exe,ILAsm,dotnet_csharp,Assembler
crossgen.exe,CrossGen,dotnet_csharp,AOT compiler
crossgen2.exe,CrossGen2,dotnet_csharp,AOT compiler
gacutil.exe,GAC Utility,dotnet_csharp,Assembly management
sn.exe,Strong Name Tool,dotnet_csharp,Cryptography
devenv.exe,Microsoft Visual Studio,dotnet_csharp,IDE
Rider64.exe,JetBrains Rider,dotnet_csharp,IDE
RoslynPad.exe,RoslynPad,dotnet_csharp,C# editor
NCrunch.exe,NCrunch,dotnet_csharp,Testing
vstest.console.exe,VSTest,dotnet_csharp,Testing
mstest.exe,MSTest,dotnet_csharp,Testing
SpecFlow.exe,SpecFlow,dotnet_csharp,BDD testing
Cake.exe,Cake,dotnet_csharp,Build automation
Nuke.exe,Nuke,dotnet_csharp,Build automation
OpenRA.exe,OpenRA,dotnet_csharp,OpenRA engine
Terraria.exe,Terraria,dotnet_csharp,XNA/MonoGame
Stardew Valley.exe,Stardew Valley,dotnet_csharp,MonoGame
Celeste.exe,Celeste,dotnet_csharp,XNA
FEZ.exe,FEZ,dotnet_csharp,XNA
Bastion.exe,Bastion,dotnet_csharp,XNA
Transistor.exe,Transistor,dotnet_csharp,MonoGame
RogueLegacy.exe,Rogue Legacy,dotnet_csharp,XNA
Rogue Legacy 2.exe,Rogue Legacy 2,dotnet_csharp,MonoGame
Cuphead.exe,Cuphead,dotnet_csharp,Unity C#
OriDE.exe,Ori and the Blind Forest,dotnet_csharp,Unity C#
RimWorldWin64.exe,RimWorld,dotnet_csharp,Unity C#
Cities.exe,Cities Skylines,dotnet_csharp,Unity C#
KSP_x64.exe,Kerbal Space Program,dotnet_csharp,Unity C#
DSPGAME.exe,Dyson Sphere Program,dotnet_csharp,Unity C#
HouseFlipper.exe,House Flipper,dotnet_csharp,Unity C#
Lethal Company.exe,Lethal Company,dotnet_csharp,Unity C#
Phasmophobia.exe,Phasmophobia,dotnet_csharp,Unity C#
Escape Simulator.exe,Escape Simulator,dotnet_csharp,Unity C#
Subnautica.exe,Subnautica,dotnet_csharp,Unity C#
SubnauticaZero.exe,Subnautica Below Zero,dotnet_csharp,Unity C#
Valheim.exe,Valheim,dotnet_csharp,Unity C#
Raft.exe,Raft,dotnet_csharp,Unity C#
RustClient.exe,Rust,dotnet_csharp,Unity C#
TheForest.exe,The Forest,dotnet_csharp,Unity C#
SonsOfTheForest.exe,Sons Of The Forest,dotnet_csharp,Unity C#
AmongUs.exe,Among Us,dotnet_csharp,Unity C#
Cult Of The Lamb.exe,Cult of the Lamb,dotnet_csharp,Unity C#
ragemp.exe,RAGE Multiplayer,dotnet_csharp,GTA V multiplayer launcher
ragemp_v.exe,RAGE Multiplayer,dotnet_csharp,GTA V multiplayer launcher
fivem.exe,FiveM,dotnet_csharp,GTA V multiplayer launcher
fivem_b2189.exe,FiveM,dotnet_csharp,GTA V multiplayer launcher
fivem_b2372.exe,FiveM,dotnet_csharp,GTA V multiplayer launcher
fivem_b2545.exe,FiveM,dotnet_csharp,GTA V multiplayer launcher
fivem_b2612.exe,FiveM,dotnet_csharp,GTA V multiplayer launcher
fivem_b2699.exe,FiveM,dotnet_csharp,GTA V multiplayer launcher
fivem_b2802.exe,FiveM,dotnet_csharp,GTA V multiplayer launcher
fivem_b2944.exe,FiveM,dotnet_csharp,GTA V multiplayer launcher
fivem_b3095.exe,FiveM,dotnet_csharp,GTA V multiplayer launcher
fivem_b3258.exe,FiveM,dotnet_csharp,GTA V multiplayer launcher
Avalonia.Diagnostics.exe,Avalonia Diagnostics,dotnet_csharp,Avalonia debugging
AvaloniaControlCatalog.exe,Avalonia Control Catalog,dotnet_csharp,Avalonia demo
WpfInspector.exe,WPF Inspector,dotnet_csharp,WPF debugging
Snoop.exe,Snoop,dotnet_csharp,WPF inspection
XamlSpy.exe,XAML Spy,dotnet_csharp,WPF inspection
LiveCharts.exe,LiveCharts Demo,dotnet_csharp,WPF charts
MahApps.Metro.Demo.exe,MahApps.Metro Demo,dotnet_csharp,WPF demo
ReactiveUI.Validation.Sample.exe,ReactiveUI Sample,dotnet_csharp,Avalonia sample
ServiceHub.Host.exe,Visual Studio ServiceHub,dotnet_csharp,Visual Studio service
ServiceHub.RoslynCodeAnalysisService.exe,Roslyn Service,dotnet_csharp,Roslyn service
Microsoft.ServiceHub.Controller.exe,ServiceHub Controller,dotnet_csharp,Visual Studio service
VBCSCompiler.exe,Roslyn Compiler,dotnet_csharp,C# compiler server
OmniSharp.exe,OmniSharp,dotnet_csharp,Language server
omnisharp.exe,OmniSharp,dotnet_csharp,Language server
GitVersion.exe,GitVersion,dotnet_csharp,Semantic versioning
GitReleaseManager.exe,GitReleaseManager,dotnet_csharp,Release management
MinVer.exe,MinVer,dotnet_csharp,Version generator
FAKE.exe,FAKE Build,dotnet_csharp,Build automation
psake.exe,psake,dotnet_csharp,Build automation
Bullseye.exe,Bullseye,dotnet_csharp,Build automation
InvokeBuild.exe,InvokeBuild,dotnet_csharp,Build automation
ReportGenerator.exe,ReportGenerator,dotnet_csharp,Code coverage
OpenCover.Console.exe,OpenCover,dotnet_csharp,Code coverage
coverlet.console.exe,Coverlet,dotnet_csharp,Code coverage
coverlet.exe,Coverlet,dotnet_csharp,Code coverage
Verify.exe,Verify,dotnet_csharp,Snapshot testing
BenchmarkDotNet.exe,BenchmarkDotNet,dotnet_csharp,Benchmarking
BenchmarkDotNet.Artifacts.exe,BenchmarkDotNet,dotnet_csharp,Benchmark results
NBomber.exe,NBomber,dotnet_csharp,Load testing
SpecFlow.exe,SpecFlow,dotnet_csharp,BDD testing
Cake.Tool.exe,Cake Tool,dotnet_csharp,Build automation
Nuke.GlobalTool.exe,NUKE,dotnet_csharp,Build automation
Octopus.Client.exe,Octopus Deploy,dotnet_csharp,Deployment
Octopus.Server.exe,Octopus Server,dotnet_csharp,Deployment server
TeamCity.Agent.exe,TeamCity Agent,dotnet_csharp,CI/CD agent
TeamCity.exe,TeamCity Server,dotnet_csharp,CI/CD server
YouTrack.exe,YouTrack,dotnet_csharp,Issue tracker
Space.exe,JetBrains Space,dotnet_csharp,DevOps platform
BuildXL.exe,BuildXL,dotnet_csharp,Build system
OrleansDashboard.exe,Orleans Dashboard,dotnet_csharp,ASP.NET Core dashboard
Kestrel.exe,ASP.NET Core Kestrel,dotnet_csharp,Web server
iisexpress.exe,IIS Express,dotnet_csharp,Development web server
AzureFunctionsHost.exe,Azure Functions,dotnet_csharp,Serverless runtime
func.exe,Azure Functions Core Tools,dotnet_csharp,Development tools
AzureStorageEmulator.exe,Azure Storage Emulator,dotnet_csharp,Azure emulator
Azurite.exe,Azurite,dotnet_csharp,Azure storage emulator
Seq.exe,Seq,dotnet_csharp,Structured log server
Seq.Input.exe,Seq Input,dotnet_csharp,Logging
NLogViewer.exe,NLog Viewer,dotnet_csharp,Log viewer
Serilog.Sinks.Console.exe,Serilog Console,dotnet_csharp,Logging
SerilogAnalyzer.exe,Serilog Analyzer,dotnet_csharp,Roslyn analyzer
Hangfire.exe,Hangfire,dotnet_csharp,Background jobs
Hangfire.Server.exe,Hangfire Server,dotnet_csharp,Background jobs
IdentityServer.exe,IdentityServer,dotnet_csharp,Authentication server
OpenIddict.Server.exe,OpenIddict,dotnet_csharp,OpenID server
OrchardCore.exe,Orchard Core,dotnet_csharp,CMS
nopCommerce.exe,nopCommerce,dotnet_csharp,E-commerce platform
BlogEngine.NET.exe,BlogEngine.NET,dotnet_csharp,Blogging platform
Umbraco.exe,Umbraco CMS,dotnet_csharp,CMS
Squidex.exe,Squidex,dotnet_csharp,Headless CMS
ServiceStack.exe,ServiceStack,dotnet_csharp,Web services
Raven.Server.exe,RavenDB,dotnet_csharp,Database server
EventStore.ClusterNode.exe,EventStoreDB,dotnet_csharp,Event sourcing
NetPad.exe,NetPad,dotnet_csharp,C# scratchpad
ScriptCS.exe,scriptcs,dotnet_csharp,C# scripting
TryDotNet.exe,Try .NET,dotnet_csharp,C# playground
AvalonStudio.exe,AvalonStudio,dotnet_csharp,IDE
OpenTabletDriver.UX.Wpf.exe,OpenTabletDriver,dotnet_csharp,Tablet driver
OpenTabletDriver.Daemon.exe,OpenTabletDriver,dotnet_csharp,Tablet service
R2ModMan.exe,r2modman,dotnet_csharp,Game mod manager
ThunderstoreModManager.exe,Thunderstore Mod Manager,dotnet_csharp,Game mod manager
UnityModManager.exe,Unity Mod Manager,dotnet_csharp,Game modding
BepInEx.GUI.exe,BepInEx,dotnet_csharp,Game modding
BepInEx.Console.exe,BepInEx,dotnet_csharp,Game modding
ModAssistant.exe,Beat Saber Mod Assistant,dotnet_csharp,Game modding
MelonLoader.Installer.exe,MelonLoader,dotnet_csharp,Game modding
WeMod.exe,WeMod,dotnet_csharp,Game trainer
NexusMods.App.exe,Nexus Mods App,dotnet_csharp,Mod manager
ModOrganizer2.exe,Mod Organizer 2,dotnet_csharp,Game mod manager
SMAPI.exe,SMAPI,dotnet_csharp,Stardew Valley modding
Vortex.exe,Vortex,dotnet_csharp,Mod manager
ReClass.NET.exe,ReClass.NET,dotnet_csharp,Reverse engineering
CheatEngine.exe,Cheat Engine,dotnet_csharp,Memory analysis (.NET UI)
dnlib.exe,dnlib Tools,dotnet_csharp,.NET assembly tools
AsmResolver.exe,AsmResolver,dotnet_csharp,.NET assembly tools
ILVerify.exe,ILVerify,dotnet_csharp,IL verification
NuGetPackageExplorer.exe,NuGet Package Explorer,dotnet_csharp,NuGet management
ILMerge.exe,ILMerge,dotnet_csharp,Assembly merging
ILRepack.exe,ILRepack,dotnet_csharp,Assembly merging
Costura.exe,Costura.Fody,dotnet_csharp,Assembly embedding
Fody.exe,Fody,dotnet_csharp,IL weaving
AutoUpdater.NET.exe,AutoUpdater.NET,dotnet_csharp,Application updater
Squirrel.exe,Squirrel.Windows,dotnet_csharp,Installer framework
ClickOnceBootstrapper.exe,ClickOnce Bootstrapper,dotnet_csharp,Deployment
Godot_v4.exe,Godot 4,dotnet_csharp,Godot Mono
Avalonia.Designer.HostApp.exe,Avalonia Designer,dotnet_csharp,Avalonia designer
Ryujinx.Ava.exe,Ryujinx,dotnet_csharp,Avalonia UI
BepInEx.Preloader.exe,BepInEx,dotnet_csharp,Game modding
ProjectZomboid64.exe,Project Zomboid,dotnet_csharp,Unity C#
LibraryOfRuina.exe,Library of Ruina,dotnet_csharp,Unity C#
LethalCompany.exe,Lethal Company,dotnet_csharp,Unity C#
ScheduleI.exe,Schedule I,dotnet_csharp,Unity C#
VTOLVR.exe,VTOL VR,dotnet_csharp,Unity C#
DysonSphereProgram.exe,Dyson Sphere Program,dotnet_csharp,Unity C#
Files.exe,Files,dotnet_csharp,WinUI file manager
BicepStudio.exe,Bicep Studio,dotnet_csharp,Avalonia IDE
AvaloniaILSpy.exe,Avalonia ILSpy,dotnet_csharp,Avalonia decompiler
DevToys.exe,DevToys,dotnet_csharp,Developer toolbox
FluentTerminal.exe,Fluent Terminal,dotnet_csharp,WPF terminal
ModernFlyouts.exe,ModernFlyouts,dotnet_csharp,WPF utility
JetBrainsGateway.exe,JetBrains Gateway,dotnet_csharp,Remote IDE
GitCredentialManager.exe,Git Credential Manager,dotnet_csharp,Git authentication
Nerdbank.GitVersioning.exe,NBGV,dotnet_csharp,Versioning
XmlDocMarkdown.exe,XmlDocMarkdown,dotnet_csharp,Documentation
ApiPort.exe,API Port,dotnet_csharp,.NET Portability
Yarp.ReverseProxy.exe,YARP,dotnet_csharp,Reverse proxy
OrleansHost.exe,Microsoft Orleans,dotnet_csharp,Distributed server
MassTransit.exe,MassTransit,dotnet_csharp,Message bus
Elsa.Server.exe,Elsa Workflows,dotnet_csharp,Workflow server
ABP.Cli.exe,ABP CLI,dotnet_csharp,ASP.NET Core framework
Chocolatey.exe,Chocolatey,dotnet_csharp,Package manager
Ryujinx.Ava.exe,Ryujinx,dotnet_csharp,Avalonia emulator
CrowTranslate.exe,Crow Translate,dotnet_csharp,WPF translator
TwinkleTray.exe,Twinkle Tray,dotnet_csharp,WPF monitor control
LocaleEmulator.exe,Locale Emulator,dotnet_csharp,WPF utility
BTD-Mod-Helper.exe,BTD Mod Helper,dotnet_csharp,Game modding
MelonLoader.exe,MelonLoader,dotnet_csharp,Game modding
ResoniteModLoader.exe,Resonite Mod Loader,dotnet_csharp,Game modding
IPA.exe,IPA Installer,dotnet_csharp,Beat Saber modding
WinDirStat.exe,WinDirStat,dotnet_csharp,Disk analyzer
TreeSize.exe,TreeSize,dotnet_csharp,Disk analyzer
ImageGlass.exe,ImageGlass,dotnet_csharp,WPF image viewer
CredentialManager.exe,Credential Manager,dotnet_csharp,Credential utility
PlayniteInstaller.exe,Manager Game,dotnet_csharp,Game utility
Playnite.DesktopApp.exe,Playnite,dotnet_csharp,WPF game launcher
Playnite.FullscreenApp.exe,Playnite,dotnet_csharp,Game launcher
RAGEMultiplayer_Setup.exe,RAGE Multiplayer,dotnet_csharp,GTA V multiplayer launcher
VoiceAttack.exe,Voice Attack,dotnet,Client Voice
voiceattackinstaller_116.exe,Voice Attack,dotnet,Client Voice
voiceattackinstaller_189_32.exe,Voice Attack,dotnet,Client Voice
voiceattackinstaller_2.1.8.0.exe,Voice Attack,dotnet,Client Voice
